{
  "clean_score": {
    "voxel_pca_crispness": {
      "room": 0.9795205394209544,
      "parking": 0.9813867734683779,
      "highway": 0.9990811188979603,
      "corridor": 0.9798261714562343,
      "tunnel": 0.9889740240904619
    },
    "mme_grid": {
      "room": 0.7736354853475381,
      "parking": 0.8227082956172668,
      "highway": 0.9914201835428101,
      "corridor": 0.7590529461174808,
      "tunnel": 0.8613260062485825
    },
    "mom_planarity": {
      "room": 0.8923935595105617,
      "parking": 0.8921916700342748,
      "highway": 0.861111111111111,
      "corridor": 0.8302497866240328,
      "tunnel": 0.9620704310755581
    },
    "bev_edge_density": {
      "room": 0.21985037093806026,
      "parking": 0.07615090879214213,
      "highway": 0.28920371930020766,
      "corridor": 0.4461948593791308,
      "tunnel": 0.352077860787616
    },
    "knn_entropy_mme": {
      "room": 19.706132722778744,
      "parking": 18.55614499903287,
      "highway": 17.85043518238615,
      "corridor": 20.44979478772495,
      "tunnel": 18.386445368266227
    }
  },
  "scene_independence": {
    "voxel_pca_crispness": 0.9923943665151952,
    "mme_grid": 0.901123927117772,
    "mom_planarity": 0.9506834399502158,
    "bev_edge_density": 0.5485479759722072,
    "knn_entropy_mme": 0.9500704234581872
  }
}