{
  "voxel_pca_crispness": {
    "sizes": [
      2000,
      5000,
      10000,
      20000,
      50000,
      100000,
      200000,
      400000
    ],
    "times": [
      0.00071216599999957,
      0.0019142920000092545,
      0.004079708999995546,
      0.008616708999994671,
      0.02244550000000345,
      0.04657925000000773,
      0.09683891599999583,
      0.2139462920000028
    ],
    "exponent": 1.0702886903064925,
    "const": 2.107151038441553e-07,
    "us_per_point": [
      0.356082999999785,
      0.3828584000018509,
      0.4079708999995546,
      0.43083544999973356,
      0.448910000000069,
      0.4657925000000773,
      0.4841945799999791,
      0.534865730000007
    ]
  },
  "mme_grid": {
    "sizes": [
      2000,
      5000,
      10000,
      20000,
      50000,
      100000,
      200000,
      400000
    ],
    "times": [
      0.0007628750000208129,
      0.0019133749999866723,
      0.004129417000001467,
      0.008991332999983115,
      0.022917250000006106,
      0.04696770900000047,
      0.09847529099999974,
      0.21642850000000635
    ],
    "exponent": 1.0645155402785325,
    "const": 2.287686890642263e-07,
    "us_per_point": [
      0.38143750001040644,
      0.38267499999733445,
      0.41294170000014674,
      0.44956664999915574,
      0.4583450000001221,
      0.4696770900000047,
      0.4923764549999987,
      0.5410712500000159
    ]
  },
  "mom_planarity": {
    "sizes": [
      2000,
      5000,
      10000,
      20000,
      50000,
      100000,
      200000,
      400000
    ],
    "times": [
      0.0007377919999953519,
      0.0019335419999890746,
      0.00411045800001375,
      0.00875300000001289,
      0.022886666000005107,
      0.04721029200001681,
      0.09731325000001334,
      0.21378554200001076
    ],
    "exponent": 1.0662174307264591,
    "const": 2.226898807012593e-07,
    "us_per_point": [
      0.36889599999767597,
      0.3867083999978149,
      0.41104580000137503,
      0.43765000000064447,
      0.45773332000010214,
      0.47210292000016807,
      0.4865662500000667,
      0.5344638550000269
    ]
  },
  "bev_edge_density": {
    "sizes": [
      2000,
      5000,
      10000,
      20000,
      50000,
      100000,
      200000,
      400000
    ],
    "times": [
      9.299999999257125e-05,
      0.00015700000000151704,
      0.0002805000000023483,
      0.0005019580000009682,
      0.001178040999974428,
      0.0022718749999910415,
      0.0046268330000032165,
      0.009163708000016868
    ],
    "exponent": 0.8849987112622362,
    "const": 8.896348714612136e-08,
    "us_per_point": [
      0.046499999996285624,
      0.03140000000030341,
      0.02805000000023483,
      0.025097900000048412,
      0.023560819999488558,
      0.022718749999910415,
      0.023134165000016083,
      0.02290927000004217
    ]
  },
  "knn_entropy_mme": {
    "sizes": [
      2000,
      5000,
      10000,
      20000,
      50000,
      100000,
      200000,
      400000
    ],
    "times": [
      0.0031207079999830967,
      0.00693975000001501,
      0.007889041999987967,
      0.009596832999989147,
      0.014051124999980402,
      0.022629083999987643,
      0.04065579199999547,
      0.08007100000000378
    ],
    "exponent": 0.5525224590823603,
    "const": 4.721257289900569e-05,
    "us_per_point": [
      1.5603539999915483,
      1.387950000003002,
      0.7889041999987967,
      0.47984164999945733,
      0.28102249999960804,
      0.22629083999987643,
      0.20327895999997736,
      0.20017750000000945
    ]
  },
  "chamfer_oracle": {
    "sizes": [
      2000,
      5000,
      10000,
      20000,
      50000,
      100000,
      200000,
      400000
    ],
    "times": [
      0.0044705839999892305,
      0.005882875000025933,
      0.007719917000002852,
      0.007749334000010322,
      0.0075995830000010756,
      0.007528583999999228,
      0.007761541999997235,
      0.007757249999997384
    ],
    "exponent": 0.08233160989729549,
    "const": 0.002966564663915013,
    "us_per_point": [
      2.2352919999946153,
      1.1765750000051867,
      0.7719917000002852,
      0.3874667000005161,
      0.1519916600000215,
      0.07528583999999228,
      0.03880770999998617,
      0.01939312499999346
    ]
  }
}