{
  "monotonicity": {
    "room|sensor_noise|voxel_pca_crispness": 0.9875384540069388,
    "room|sensor_noise|mme_grid": 0.9875384540069388,
    "room|sensor_noise|mom_planarity": 0.9122974289397434,
    "room|sensor_noise|bev_edge_density": -0.96872819774014,
    "room|sensor_noise|knn_entropy_mme": 0.9875384540069388,
    "room|sensor_noise|chamfer_oracle": 0.9875384540069388,
    "room|accel_bias|voxel_pca_crispness": 0.830786318450282,
    "room|accel_bias|mme_grid": 0.9185675143620098,
    "room|accel_bias|mom_planarity": 0.9875384540069388,
    "room|accel_bias|bev_edge_density": -0.39188033889164237,
    "room|accel_bias|knn_entropy_mme": 0.9875384540069388,
    "room|accel_bias|chamfer_oracle": 0.9875384540069388,
    "room|gyro_bias|voxel_pca_crispness": 0.9311076852065424,
    "room|gyro_bias|mme_grid": 0.9436478560510749,
    "room|gyro_bias|mom_planarity": 0.96872819774014,
    "room|gyro_bias|bev_edge_density": 0.6176034140932284,
    "room|gyro_bias|knn_entropy_mme": 0.9875384540069388,
    "room|gyro_bias|chamfer_oracle": 0.9875384540069388,
    "room|dynamic_objects|voxel_pca_crispness": 0.5486324744482993,
    "room|dynamic_objects|mme_grid": 0.6301435849377609,
    "room|dynamic_objects|mom_planarity": 0.34171965551351213,
    "room|dynamic_objects|bev_edge_density": 0.10345640946739358,
    "room|dynamic_objects|knn_entropy_mme": 0.7304649516940214,
    "room|dynamic_objects|chamfer_oracle": 0.7492752079608203,
    "room|geometric_degeneracy|voxel_pca_crispness": 0.7430051225385539,
    "room|geometric_degeneracy|mme_grid": 0.768085464227619,
    "room|geometric_degeneracy|mom_planarity": 0.7743555496498854,
    "room|geometric_degeneracy|bev_edge_density": 0.811976062183483,
    "room|geometric_degeneracy|knn_entropy_mme": 0.8934871726729446,
    "room|geometric_degeneracy|chamfer_oracle": 0.7430051225385539,
    "room|weather_dropout|voxel_pca_crispness": -0.32917948466897956,
    "room|weather_dropout|mme_grid": -0.23512820333498544,
    "room|weather_dropout|mom_planarity": -0.37307008262484354,
    "room|weather_dropout|bev_edge_density": 0.19750769080138775,
    "room|weather_dropout|knn_entropy_mme": -0.040755555244730804,
    "room|weather_dropout|chamfer_oracle": 0.6176034140932284,
    "room|imu_saturation|voxel_pca_crispness": 0.6113333286709621,
    "room|imu_saturation|mme_grid": 0.786895720494418,
    "room|imu_saturation|mom_planarity": 0.9812683685846725,
    "room|imu_saturation|bev_edge_density": 0.6050632432486958,
    "room|imu_saturation|knn_entropy_mme": 0.9875384540069388,
    "room|imu_saturation|chamfer_oracle": 0.9875384540069388,
    "room|random_walk|voxel_pca_crispness": 0.9185675143620098,
    "room|random_walk|mme_grid": 0.9373777706288086,
    "room|random_walk|mom_planarity": 0.9875384540069388,
    "room|random_walk|bev_edge_density": -0.7492752079608203,
    "room|random_walk|knn_entropy_mme": 0.9561880268956073,
    "room|random_walk|chamfer_oracle": 0.899757258095211,
    "highway|sensor_noise|voxel_pca_crispness": 0.9875384540069388,
    "highway|sensor_noise|mme_grid": 0.9875384540069388,
    "highway|sensor_noise|mom_planarity": 0.49033334898198444,
    "highway|sensor_noise|bev_edge_density": -0.7618153788053528,
    "highway|sensor_noise|knn_entropy_mme": 0.9875384540069388,
    "highway|sensor_noise|chamfer_oracle": 0.9875384540069388,
    "highway|accel_bias|voxel_pca_crispness": 0.9561880268956073,
    "highway|accel_bias|mme_grid": 0.9624581123178737,
    "highway|accel_bias|mom_planarity": 0.7747554234434613,
    "highway|accel_bias|bev_edge_density": -0.786895720494418,
    "highway|accel_bias|knn_entropy_mme": 0.9875384540069388,
    "highway|accel_bias|chamfer_oracle": 0.9875384540069388,
    "highway|gyro_bias|voxel_pca_crispness": 0.6803042683158912,
    "highway|gyro_bias|mme_grid": 0.7492752079608203,
    "highway|gyro_bias|mom_planarity": 0.3732627343715461,
    "highway|gyro_bias|bev_edge_density": -0.33544957009124593,
    "highway|gyro_bias|knn_entropy_mme": 0.9875384540069388,
    "highway|gyro_bias|chamfer_oracle": 0.9875384540069388,
    "highway|dynamic_objects|voxel_pca_crispness": 0.5994120656483088,
    "highway|dynamic_objects|mme_grid": 0.5868589333834229,
    "highway|dynamic_objects|mom_planarity": 0.1758347929055432,
    "highway|dynamic_objects|bev_edge_density": 0.4550510446021193,
    "highway|dynamic_objects|knn_entropy_mme": 0.8253684464162578,
    "highway|dynamic_objects|chamfer_oracle": 0.8002621818864858,
    "highway|geometric_degeneracy|voxel_pca_crispness": 0.9875384540069388,
    "highway|geometric_degeneracy|mme_grid": 0.9875384540069388,
    "highway|geometric_degeneracy|mom_planarity": 0.024127576472640695,
    "highway|geometric_degeneracy|bev_edge_density": -0.2978290575576482,
    "highway|geometric_degeneracy|knn_entropy_mme": 0.9875384540069388,
    "highway|geometric_degeneracy|chamfer_oracle": 0.8182461476057493,
    "highway|weather_dropout|voxel_pca_crispness": -0.6176034140932284,
    "highway|weather_dropout|mme_grid": -0.6238734995154946,
    "highway|weather_dropout|mom_planarity": 0.23354968324845685,
    "highway|weather_dropout|bev_edge_density": -0.6614940120490923,
    "highway|weather_dropout|knn_entropy_mme": -0.05956581151152965,
    "highway|weather_dropout|chamfer_oracle": 0.49220170564790283,
    "highway|imu_saturation|voxel_pca_crispness": 0.5925230724041632,
    "highway|imu_saturation|mme_grid": 0.5987931578264295,
    "highway|imu_saturation|mom_planarity": 0.762208776909964,
    "highway|imu_saturation|bev_edge_density": -0.040755555244730804,
    "highway|imu_saturation|knn_entropy_mme": 0.9185675143620098,
    "highway|imu_saturation|chamfer_oracle": 0.9812683685846725,
    "highway|random_walk|voxel_pca_crispness": -0.10972649488965988,
    "highway|random_walk|mme_grid": -0.08464615320059475,
    "highway|random_walk|mom_planarity": -0.03450327796711771,
    "highway|random_walk|bev_edge_density": -0.5235521327592342,
    "highway|random_walk|knn_entropy_mme": 0.9875384540069388,
    "highway|random_walk|chamfer_oracle": 0.899757258095211,
    "tunnel|sensor_noise|voxel_pca_crispness": 0.9875384540069388,
    "tunnel|sensor_noise|mme_grid": 0.9875384540069388,
    "tunnel|sensor_noise|mom_planarity": 0.9624581123178737,
    "tunnel|sensor_noise|bev_edge_density": -0.6301435849377609,
    "tunnel|sensor_noise|knn_entropy_mme": 0.9875384540069388,
    "tunnel|sensor_noise|chamfer_oracle": 0.9875384540069388,
    "tunnel|accel_bias|voxel_pca_crispness": 0.9875384540069388,
    "tunnel|accel_bias|mme_grid": 0.9875384540069388,
    "tunnel|accel_bias|mom_planarity": 0.768085464227619,
    "tunnel|accel_bias|bev_edge_density": 0.5987931578264295,
    "tunnel|accel_bias|knn_entropy_mme": 0.9875384540069388,
    "tunnel|accel_bias|chamfer_oracle": 0.9875384540069388,
    "tunnel|gyro_bias|voxel_pca_crispness": 0.9875384540069388,
    "tunnel|gyro_bias|mme_grid": 0.9875384540069388,
    "tunnel|gyro_bias|mom_planarity": 0.9311076852065424,
    "tunnel|gyro_bias|bev_edge_density": 0.9060273435174772,
    "tunnel|gyro_bias|knn_entropy_mme": 0.9875384540069388,
    "tunnel|gyro_bias|chamfer_oracle": 0.9875384540069388,
    "tunnel|dynamic_objects|voxel_pca_crispness": 0.6496245947078532,
    "tunnel|dynamic_objects|mme_grid": 0.5805823672509799,
    "tunnel|dynamic_objects|mom_planarity": 0.6935605576349543,
    "tunnel|dynamic_objects|bev_edge_density": 0.22909466383417046,
    "tunnel|dynamic_objects|knn_entropy_mme": 0.7312199544296125,
    "tunnel|dynamic_objects|chamfer_oracle": 0.5429229704563217,
    "tunnel|geometric_degeneracy|voxel_pca_crispness": 0.9561880268956073,
    "tunnel|geometric_degeneracy|mme_grid": 0.8621367455616132,
    "tunnel|geometric_degeneracy|mom_planarity": 0.040755555244730804,
    "tunnel|geometric_degeneracy|bev_edge_density": 0.6803042683158912,
    "tunnel|geometric_degeneracy|knn_entropy_mme": 0.9875384540069388,
    "tunnel|geometric_degeneracy|chamfer_oracle": 0.8370564038725481,